<?xml version="1.0" encoding="UTF-8"?>
<spells>
	<instant group="attack" name="Berserk" words="exori" lvl="35" mana="120" prem="1" needweapon="1" exhaustion="2000" needlearn="0" script="attack/berserk.lua">
		<vocation name="Knight"/>
		<vocation name="Elite Knight"/>
	</instant>
	<instant group="support" name="Cancel Invisibility" words="exana ina" lvl="26" mana="200" prem="0" aggressive="0" selftarget="1" exhaustion="2000" needlearn="0" script="support/cancel invisibility.lua">
		<vocation name="Paladin"/>
		<vocation name="Royal Paladin"/>
	</instant>
	<instant group="support" name="Challenge" words="exeta res" lvl="20" mana="30" prem="1" aggressive="0" exhaustion="2000" needlearn="0" script="support/challenge.lua">
		<vocation name="Elite Knight"/>
	</instant>
	<instant group="support" name="Creature Illusion" words="utevo res ina" lvl="23" mana="100" aggressive="0" params="1" exhaustion="2000" needlearn="0" function="Illusion">
		<vocation name="Sorcerer"/>
		<vocation name="Druid"/>
		<vocation name="Master Sorcerer"/>
		<vocation name="Elder Druid"/>
	</instant>
	<instant group="healing" name="Cure Poison" words="exana pox" lvl="10" mana="30" aggressive="0" selftarget="1" exhaustion="1000" needlearn="0" script="healing/cure poison.lua">
		<vocation name="Sorcerer"/>
		<vocation name="Druid"/>
		<vocation name="Paladin"/>
		<vocation name="Knight"/>
		<vocation name="Master Sorcerer"/>
		<vocation name="Elder Druid"/>
		<vocation name="Royal Paladin"/>
		<vocation name="Elite Knight"/>
	</instant>
	<instant group="attack" name="Energy Beam" words="exevo vis lux" lvl="23" mana="100" direction="1" exhaustion="2000" needlearn="0" script="attack/energy beam.lua">
		<vocation name="Sorcerer"/>
		<vocation name="Master Sorcerer"/>
	</instant>
	<instant group="attack" name="Energy Strike" words="exori vis" lvl="12" mana="20" prem="1" range="3" casterTargetOrDirection="1" blockwalls="1" exhaustion="2000" needlearn="0" script="attack/energy strike.lua">
		<vocation name="Sorcerer"/>
		<vocation name="Druid"/>
		<vocation name="Master Sorcerer"/>
		<vocation name="Elder Druid"/>
	</instant>
	<instant group="attack" name="Energy Wave" words="exevo mort hur" lvl="38" mana="250" direction="1" exhaustion="2000" needlearn="0" script="attack/energy wave.lua">
		<vocation name="Sorcerer"/>
		<vocation name="Master Sorcerer"/>
	</instant>
	<instant group="attack" name="Ethereal Spear" words="exori con" lvl="23" mana="35" prem="1" range="7" needtarget="1" exhaustion="2000" blockwalls="1" needlearn="0" script="attack/ethereal spear.lua">
		<vocation name="Paladin"/>
		<vocation name="Royal Paladin"/>
	</instant>
	<instant group="attack" name="Fierce Berserk" words="exori gran" lvl="70" mana="340" prem="1" needweapon="1" exhaustion="1000" needlearn="0" script="attack/fierce berserk.lua">
		<vocation name="Knight"/>
		<vocation name="Elite Knight"/>
	</instant>
	<instant group="support" name="Find Person" words="exiva" lvl="8" mana="20" aggressive="0" playernameparam="1" params="1" exhaustion="2000" needlearn="0" function="searchPlayer">
		<vocation name="Sorcerer"/>
		<vocation name="Druid"/>
		<vocation name="Paladin"/>
		<vocation name="Knight"/>
		<vocation name="Master Sorcerer"/>
		<vocation name="Elder Druid"/>
		<vocation name="Royal Paladin"/>
		<vocation name="Elite Knight"/>
	</instant>
	<instant group="attack" name="Fire Wave" words="exevo flam hur" lvl="18" mana="80" direction="1" exhaustion="2000" needlearn="0" script="attack/fire wave.lua">
		<vocation name="Sorcerer"/>
		<vocation name="Master Sorcerer"/>
	</instant>
	<instant group="attack" name="Flame Strike" words="exori flam" lvl="12" mana="20" prem="1" range="3" casterTargetOrDirection="1" blockwalls="1" exhaustion="2000" needlearn="0" script="attack/flame strike.lua">
		<vocation name="Sorcerer"/>
		<vocation name="Druid"/>
		<vocation name="Master Sorcerer"/>
		<vocation name="Elder Druid"/>
	</instant>
	<instant group="support" name="Food" words="exevo pan" lvl="14" mana="120" exhaustion="2000" aggressive="0" needlearn="0" script="support/food.lua">
		<vocation name="Druid"/>
		<vocation name="Elder Druid"/>
	</instant>
	<instant group="attack" name="Force Strike" words="exori mort" lvl="11" mana="20" prem="1" range="3" casterTargetOrDirection="1" blockwalls="1" exhaustion="2000" needlearn="0" script="attack/force strike.lua">
		<vocation name="Sorcerer"/>
		<vocation name="Druid"/>
		<vocation name="Master Sorcerer"/>
		<vocation name="Elder Druid"/>
	</instant>
	<instant group="attack" name="Great Energy Beam" words="exevo gran vis lux" lvl="29" mana="200" direction="1" exhaustion="2000" needlearn="0" script="attack/great energy beam.lua">
		<vocation name="Sorcerer"/>
		<vocation name="Master Sorcerer"/>
	</instant>
	<instant group="support" name="Great Light" words="utevo gran lux" lvl="13" mana="60" aggressive="0" selftarget="1" exhaustion="1000" needlearn="0" script="support/great light.lua">
		<vocation name="Sorcerer"/>
		<vocation name="Druid"/>
		<vocation name="Paladin"/>
		<vocation name="Knight"/>
		<vocation name="Master Sorcerer"/>
		<vocation name="Elder Druid"/>
		<vocation name="Royal Paladin"/>
		<vocation name="Elite Knight"/>
	</instant>
	<instant group="attack" name="Groundshaker" words="exori mas" lvl="33" mana="160" prem="1" needweapon="1" exhaustion="1000" needlearn="0" script="attack/groundshaker.lua">
		<vocation name="Knight"/>
		<vocation name="Elite Knight"/>
	</instant>
	<instant group="support" name="Haste" words="utani hur" lvl="14" mana="60" prem="1" aggressive="0" selftarget="1" exhaustion="2000" needlearn="0" script="support/haste.lua">
		<vocation name="Sorcerer"/>
		<vocation name="Druid"/>
		<vocation name="Paladin"/>
		<vocation name="Knight"/>
		<vocation name="Master Sorcerer"/>
		<vocation name="Elder Druid"/>
		<vocation name="Royal Paladin"/>
		<vocation name="Elite Knight"/>
	</instant>
	<instant group="healing" name="Heal Friend" words="exura sio" lvl="18" mana="70" prem="0" aggressive="0" blockwalls="1" needtarget="1" playernameparam="1" params="1" exhaustion="1000" needlearn="0" script="healing/heal friend.lua">
		<vocation name="Druid"/>
		<vocation name="Elder Druid"/>
	</instant>
	<instant group="healing" name="Intense Healing" words="exura gran" lvl="11" mana="40" aggressive="0" selftarget="1" exhaustion="1000" needlearn="0" script="healing/intense healing.lua">
		<vocation name="Sorcerer"/>
		<vocation name="Druid"/>
		<vocation name="Paladin"/>
		<vocation name="Master Sorcerer"/>
		<vocation name="Elder Druid"/>
		<vocation name="Royal Paladin"/>
	</instant>
	<instant group="support" name="Invisibility" words="utana vid" lvl="35" mana="440" aggressive="0" selftarget="1" exhaustion="2000" needlearn="0" script="support/invisible.lua">
		<vocation name="Sorcerer"/>
		<vocation name="Druid"/>
		<vocation name="Master Sorcerer"/>
		<vocation name="Elder Druid"/>
	</instant>
	<instant group="support" name="Levitate" words="exani hur" lvl="12" mana="50" prem="1" aggressive="0" exhaustion="1000" params="1" needlearn="0" function="Levitate">
		<vocation name="Sorcerer"/>
		<vocation name="Druid"/>
		<vocation name="Paladin"/>
		<vocation name="Knight"/>
		<vocation name="Master Sorcerer"/>
		<vocation name="Elder Druid"/>
		<vocation name="Royal Paladin"/>
		<vocation name="Elite Knight"/>
	</instant>
	<instant group="support" name="Light" words="utevo lux" lvl="8" mana="20" aggressive="0" selftarget="1" exhaustion="1000" needlearn="0" script="support/light.lua">
		<vocation name="Sorcerer"/>
		<vocation name="Druid"/>
		<vocation name="Paladin"/>
		<vocation name="Knight"/>
		<vocation name="Master Sorcerer"/>
		<vocation name="Elder Druid"/>
		<vocation name="Royal Paladin"/>
		<vocation name="Elite Knight"/>
	</instant>
	<instant group="healing" name="Light Healing" words="exura" lvl="9" mana="25" aggressive="0" selftarget="1" exhaustion="1000" needlearn="0" script="healing/light healing.lua">
		<vocation name="Sorcerer"/>
		<vocation name="Druid"/>
		<vocation name="Paladin"/>
		<vocation name="Knight"/>
		<vocation name="Master Sorcerer"/>
		<vocation name="Elder Druid"/>
		<vocation name="Royal Paladin"/>
		<vocation name="Elite Knight"/>
	</instant>
	<instant group="support" name="Magic Rope" words="exani tera" lvl="9" mana="20" prem="1" aggressive="0" selftarget="1" exhaustion="1000" needlearn="0" script="support/magic rope.lua">
		<vocation name="Sorcerer"/>
		<vocation name="Druid"/>
		<vocation name="Paladin"/>
		<vocation name="Knight"/>
		<vocation name="Master Sorcerer"/>
		<vocation name="Elder Druid"/>
		<vocation name="Royal Paladin"/>
		<vocation name="Elite Knight"/>
	</instant>
	<instant group="support" name="Magic Shield" words="utamo vita" lvl="14" mana="50" aggressive="0" selftarget="1" exhaustion="1000" needlearn="0" script="support/magic shield.lua">
		<vocation name="Sorcerer"/>
		<vocation name="Druid"/>
		<vocation name="Master Sorcerer"/>
		<vocation name="Elder Druid"/>
	</instant>
	<instant group="healing" name="Mass Healing" words="exura gran mas res" lvl="36" mana="150" prem="1" aggressive="0" exhaustion="2000" needlearn="0" script="healing/mass healing.lua">
		<vocation name="Druid"/>
		<vocation name="Elder Druid"/>
	</instant>
	<instant group="attack" name="Poison Storm" words="exevo gran mas pox" lvl="50" mana="600" prem="1" selftarget="1" exhaustion="2000" needlearn="0" script="attack/poison storm.lua">
		<vocation name="Druid"/>
		<vocation name="Elder Druid"/>
	</instant>
	<instant group="support" name="Strong Haste" words="utani gran hur" lvl="20" mana="100" prem="1" aggressive="0" selftarget="1" exhaustion="2000" needlearn="0" script="support/strong haste.lua">
		<vocation name="Sorcerer"/>
		<vocation name="Druid"/>
		<vocation name="Master Sorcerer"/>
		<vocation name="Elder Druid"/>
	</instant>
	<instant group="support" name="Summon Creature" words="utevo res" lvl="25" params="1" exhaustion="2000" needlearn="0" function="summonMonster">
		<vocation name="Sorcerer"/>
		<vocation name="Druid"/>
		<vocation name="Master Sorcerer"/>
		<vocation name="Elder Druid"/>
	</instant>
	<instant group="attack" name="Ultimate Explosion" words="exevo gran mas vis" lvl="60" mana="1200" prem="1" exhaustion="2000" selftarget="1" needlearn="0" script="attack/ultimate explosion.lua">
		<vocation name="Sorcerer"/>
		<vocation name="Master Sorcerer"/>
	</instant>
	<instant group="healing" name="Ultimate Healing" words="exura vita" lvl="20" mana="160" aggressive="0" selftarget="1" exhaustion="1000" needlearn="0" script="healing/ultimate healing.lua">
		<vocation name="Sorcerer"/>
		<vocation name="Druid"/>
		<vocation name="Master Sorcerer"/>
		<vocation name="Elder Druid"/>
	</instant>
	<instant group="support" name="Ultimate Light" words="utevo vis lux" lvl="26" mana="140" prem="0" aggressive="0" selftarget="1" exhaustion="1000" needlearn="0" script="support/ultimate light.lua">
		<vocation name="Sorcerer"/>
		<vocation name="Druid"/>
		<vocation name="Master Sorcerer"/>
		<vocation name="Elder Druid"/>
	</instant>
	<instant group="attack" name="Whirlwind Throw" words="exori hur" lvl="15" mana="40" prem="1" range="5" needtarget="1" blockwalls="1" needweapon="1" exhaustion="2000" needlearn="0" script="attack/whirlwind throw.lua">
		<vocation name="Knight"/>
		<vocation name="Elite Knight"/>
	</instant>

	<!-- Attack Runes -->
	<rune group="attack" name="Poison Field" id="2285" allowfaruse="1" charges="3" maglv="0" exhaustion="2000" blocktype="solid" script="attack/poison field.lua"/>
	<rune group="attack" name="Poison Bomb" id="2286" allowfaruse="1" charges="2" maglv="4" exhaustion="2000" blocktype="solid" script="attack/poison bomb.lua"/>
	<rune group="attack" name="Poison Wall" id="2289" allowfaruse="1" charges="4" maglv="5" exhaustion="2000" blocktype="solid" script="attack/poison wall.lua"/>
	<rune group="attack" name="Fire Field" id="2301" allowfaruse="1" charges="3" maglv="1" exhaustion="2000" blocktype="solid" script="attack/fire field.lua"/>
	<rune group="attack" name="Firebomb" id="2305" allowfaruse="1" charges="2" maglv="5" exhaustion="2000" blocktype="solid" script="attack/fire bomb.lua"/>
	<rune group="attack" name="Fire Wall" id="2303" allowfaruse="1" charges="4" maglv="6" exhaustion="2000" blocktype="solid" script="attack/fire wall.lua"/>
	<rune group="attack" name="Soulfire" id="2308" allowfaruse="1" charges="3" maglv="7" exhaustion="2000" needtarget="1" blocktype="solid" script="attack/soul fire.lua"/>
	<rune group="attack" name="Fireball" id="2302" allowfaruse="1" charges="2" maglv="4" exhaustion="2000" needtarget="1" blocktype="solid" script="attack/fireball.lua"/>
	<rune group="attack" name="Great Fireball" id="2304" allowfaruse="1" charges="2" maglv="4" exhaustion="2000" blocktype="solid" script="attack/great fireball.lua"/>
	<rune group="attack" name="Energy Field" id="2277" allowfaruse="1" charges="3" maglv="3" exhaustion="2000" blocktype="solid" script="attack/energy field.lua"/>
	<rune group="attack" name="Energybomb" id="2262" allowfaruse="1" charges="2" maglv="10" exhaustion="2000" blocktype="solid" script="attack/energy bomb.lua"/>
	<rune group="attack" name="Energy Wall" id="2279" allowfaruse="1" charges="4" maglv="9" exhaustion="2000" blocktype="solid" script="attack/energy wall.lua"/>
	<rune group="attack" name="Light Magic Missile" id="2287" allowfaruse="1" charges="5" exhaustion="2000" maglv="0" needtarget="1" blocktype="solid" script="attack/light magic missile.lua"/>
	<rune group="attack" name="Heavy Magic Missile" id="2311" allowfaruse="1" charges="5" exhaustion="2000" maglv="3" needtarget="1" blocktype="solid" script="attack/heavy magic missile.lua"/>
	<rune group="attack" name="Explosion" id="2313" allowfaruse="1" charges="3" maglv="6" exhaustion="2000" blocktype="solid" script="attack/explosion.lua"/>
	<rune group="attack" name="Sudden Death" id="2268" allowfaruse="1" charges="1" maglv="15" exhaustion="2000" needtarget="0" blocktype="solid" script="attack/sudden death.lua"/>
	<rune group="attack" name="Envenom" id="2292" allowfaruse="1" charges="1" maglv="4" exhaustion="2000" needtarget="1" script="attack/envenom.lua"/>
	<rune group="attack" name="Magic Wall" id="2293" allowfaruse="1" charges="3" maglv="9" exhaustion="2000" blocktype="all" script="support/magic wall rune.lua"/>

	<!-- Healing Runes -->
	<rune group="healing" name="Antidote Rune" id="2266" allowfaruse="1" charges="1" lvl="15" maglv="0" exhaustion="2000" aggressive="0" needtarget="1" blocktype="solid" script="healing/cure poison rune.lua"/>
	<rune group="healing" name="Intense Healing Rune" id="2265" allowfaruse="1" charges="1" lvl="15" maglv="1" exhaustion="2000" aggressive="0" needtarget="1" blocktype="solid" script="healing/intense healing rune.lua"/>
	<rune group="healing" name="Ultimate Healing Rune" id="2273" allowfaruse="1" charges="1" lvl="24" maglv="4" exhaustion="2000" aggressive="0" needtarget="1" blocktype="solid" script="healing/ultimate healing rune.lua"/>

	<!-- Summon Runes -->
	<rune group="support" name="Convince Creature" id="2290" allowfaruse="1" charges="1" lvl="16" maglv="5" exhaustion="2000" needtarget="1" blocktype="solid" function="convince"/>
	<rune group="support" name="Animate Dead" id="2316" allowfaruse="1" charges="1" lvl="27" maglv="4" exhaustion="2000" blocktype="solid" script="support/animate dead rune.lua"/>

	<!-- Support Runes -->
	<rune group="support" name="Disintegrate" id="2310" allowfaruse="0" charges="3" lvl="21" maglv="4" exhaustion="2000" range="1" script="support/disintegrate rune.lua"/>
	<rune group="support" name="Destroy Field" id="2261" allowfaruse="1" charges="3" lvl="17" maglv="3" exhaustion="2000" aggressive="0" range="5" script="support/destroy field rune.lua"/>
	<rune group="support" name="Chameleon" id="2291" allowfaruse="1" charges="1" lvl="27" maglv="4" exhaustion="2000" aggressive="0" selftarget="1" blocktype="solid" function="chameleon"/>
	<rune group="support" name="Wild Growth" id="2269" allowfaruse="1" charges="2" lvl="27" maglv="8" exhaustion="2000" blocktype="all" script="support/wild growth rune.lua">
		<vocation name="Druid"/>
		<vocation name="Elder Druid" showInDescription="0"/>
	</rune>
	<rune group="support" name="Paralyze" id="2278" allowfaruse="1" charges="1" lvl="54" maglv="18" exhaustion="2000" mana="1400" needtarget="1" blocktype="solid" script="support/paralyze rune.lua">
		<vocation name="Druid"/>
		<vocation name="Elder Druid" showInDescription="0"/>
	</rune>

<!-- Conjure Spells -->
	<conjure group="support" name="Conjure Arrow" words="exevo con" lvl="13" mana="100" conjureId="2544" conjureCount="20" exhaustion="2000" needlearn="0" function="conjureItem">
		<vocation name="Paladin"/>
		<vocation name="Royal Paladin"/>
	</conjure>
	<conjure group="support" name="Conjure Poisoned Arrow" words="exevo con pox" lvl="16" mana="130" conjureId="2545" conjureCount="14" exhaustion="2000" needlearn="0" function="conjureItem">
		<vocation name="Paladin"/>
		<vocation name="Royal Paladin"/>
	</conjure>
	<conjure group="support" name="Conjure Bolt" words="exevo con mort" lvl="17" mana="140" prem="0" conjureId="2543" conjureCount="10" exhaustion="2000" needlearn="0" function="conjureItem">
		<vocation name="Paladin"/>
		<vocation name="Royal Paladin"/>
	</conjure>
	<conjure group="support" name="Conjure Explosive Arrow" words="exevo con flam" lvl="25" mana="290" conjureId="2546" conjureCount="16" exhaustion="2000" needlearn="0" function="conjureItem">
		<vocation name="Paladin"/>
		<vocation name="Royal Paladin"/>
	</conjure>
	<conjure group="support" name="Conjure Piercing Bolt" words="exevo con grav" lvl="33" mana="180" soul="3" prem="0" conjureId="7363" conjureCount="10" exhaustion="2000" needlearn="0" function="conjureItem">
		<vocation name="Paladin"/>
		<vocation name="Royal Paladin"/>
	</conjure>
	<conjure group="support" name="Conjure Sniper Arrow" words="exevo con hur" lvl="24" mana="160" soul="3" prem="0" conjureId="7364" conjureCount="10" exhaustion="2000" needlearn="0" function="conjureItem">
		<vocation name="Paladin"/>
		<vocation name="Royal Paladin"/>
	</conjure>
	<conjure group="support" name="Enchant Spear" words="exeta con" lvl="45" mana="350" soul="3" prem="0" conjureId="7367" reagentId="2389" exhaustion="2000" needlearn="0" function="conjureItem">
		<vocation name="Paladin"/>
		<vocation name="Royal Paladin"/>
	</conjure>
	<conjure group="support" name="Enchant Staff" words="exeta vis" lvl="41" mana="80" prem="0" conjureId="2433" reagentId="2401" exhaustion="2000" needlearn="0" function="conjureItem">
		<vocation name="Master Sorcerer"/>
	</conjure>
	<conjure group="support" name="Conjure Power Bolt" words="exevo con vis" lvl="59" mana="700" soul="4" prem="0" conjureId="2547" conjureCount="20" exhaustion="2000" needlearn="0" function="conjureItem">
		<vocation name="Royal Paladin"/>
	</conjure>
	<conjure name="Poison Field" words="adevo grav pox" lvl="14" mana="200" soul="1" reagentId="2260" conjureId="2285" conjureCount="6" exhaustion="2000" needlearn="0" function="conjureRune">
		<vocation name="Sorcerer"/>
		<vocation name="Druid"/>
		<vocation name="Master Sorcerer"/>
		<vocation name="Elder Druid"/>
	</conjure>
	<conjure name="Light Magic Missile" words="adori" lvl="15" mana="120" soul="1" reagentId="2260" conjureId="2287" conjureCount="10" exhaustion="2000" needlearn="0" function="conjureRune">
		<vocation name="Sorcerer"/>
		<vocation name="Druid"/>
		<vocation name="Master Sorcerer"/>
		<vocation name="Elder Druid"/>
	</conjure>
	<conjure name="Fire Field" words="adevo grav flam" lvl="15" mana="240" soul="1" reagentId="2260" conjureId="2301" conjureCount="6" exhaustion="2000" needlearn="0" function="conjureRune">
		<vocation name="Sorcerer"/>
		<vocation name="Druid"/>
		<vocation name="Master Sorcerer"/>
		<vocation name="Elder Druid"/>
	</conjure>
	<conjure name="Fireball" words="adori flam" lvl="27" mana="460" soul="3" prem="1" reagentId="2260" conjureId="2302" conjureCount="10" exhaustion="2000" needlearn="0" function="conjureRune">
		<vocation name="Sorcerer"/>
		<vocation name="Master Sorcerer"/>
	</conjure>
	<conjure name="Energy Field" words="adevo grav vis" lvl="18" mana="320" soul="2" reagentId="2260" conjureId="2277" conjureCount="6" exhaustion="2000" needlearn="0" function="conjureRune">
		<vocation name="Sorcerer"/>
		<vocation name="Druid"/>
		<vocation name="Master Sorcerer"/>
		<vocation name="Elder Druid"/>
	</conjure>
	<conjure name="Envenom" words="adevo res pox" lvl="21" mana="400" soul="2" prem="1" reagentId="2260" conjureId="2292" conjureCount="2" exhaustion="2000" needlearn="0" function="conjureRune">
		<vocation name="Sorcerer"/>
		<vocation name="Master Sorcerer"/>
		<vocation name="Druid"/>
		<vocation name="Elder Druid"/>
	</conjure>
	<conjure name="Great Fireball" words="adori gran flam" lvl="30" mana="530" soul="3" reagentId="2260" conjureId="2304" conjureCount="4" exhaustion="2000" needlearn="0" function="conjureRune">
		<vocation name="Sorcerer"/>
		<vocation name="Master Sorcerer"/>
	</conjure>
	<conjure name="Heavy Magic Missile" words="adori gran" lvl="25" mana="350" soul="2" reagentId="2260" conjureId="2311" conjureCount="10" exhaustion="2000" needlearn="0" function="conjureRune">
		<vocation name="Sorcerer"/>
		<vocation name="Master Sorcerer"/>
		<vocation name="Druid"/>
		<vocation name="Elder Druid"/>
	</conjure>
	<conjure name="Poison Bomb" words="adevo mas pox" lvl="25" mana="520" soul="2" prem="1" reagentId="2260" conjureId="2286" conjureCount="4" exhaustion="2000" needlearn="0" function="conjureRune">
		<vocation name="Druid"/>
		<vocation name="Elder Druid"/>
	</conjure>
	<conjure name="Firebomb" words="adevo mas flam" lvl="27" mana="600" soul="4" reagentId="2260" conjureId="2305" conjureCount="4" exhaustion="2000" needlearn="0" function="conjureRune">
		<vocation name="Sorcerer"/>
		<vocation name="Druid"/>
		<vocation name="Master Sorcerer"/>
		<vocation name="Elder Druid"/>
	</conjure>
	<conjure name="Soulfire" words="adevo res flam" lvl="27" mana="600" soul="3" prem="1" reagentId="2260" conjureId="2308" conjureCount="6" exhaustion="2000" needlearn="0" function="conjureRune">
		<vocation name="Sorcerer"/>
		<vocation name="Druid"/>
		<vocation name="Master Sorcerer"/>
		<vocation name="Elder Druid"/>
	</conjure>
	<conjure name="Poison Wall" words="adevo mas grav pox" lvl="29" mana="640" soul="3" reagentId="2260" conjureId="2289" conjureCount="8" exhaustion="2000" needlearn="0" function="conjureRune">
		<vocation name="Sorcerer"/>
		<vocation name="Druid"/>
		<vocation name="Master Sorcerer"/>
		<vocation name="Elder Druid"/>
	</conjure>
	<conjure name="Explosion" words="adevo mas hur" lvl="31" mana="570" soul="4" reagentId="2260" conjureId="2313" conjureCount="6" exhaustion="2000" needlearn="0" function="conjureRune">
		<vocation name="Sorcerer"/>
		<vocation name="Druid"/>
		<vocation name="Master Sorcerer"/>
		<vocation name="Elder Druid"/>
	</conjure>
	<conjure name="Fire Wall" words="adevo mas grav flam" lvl="33" mana="780" soul="4" reagentId="2260" conjureId="2303" conjureCount="8" exhaustion="2000" needlearn="0" function="conjureRune">
		<vocation name="Sorcerer"/>
		<vocation name="Druid"/>
		<vocation name="Master Sorcerer"/>
		<vocation name="Elder Druid"/>
	</conjure>
	<conjure name="Energybomb" words="adevo mas vis" lvl="37" mana="880" soul="5" prem="1" reagentId="2260" conjureId="2262" conjureCount="4" exhaustion="2000" needlearn="0" function="conjureRune">
		<vocation name="Sorcerer"/>
		<vocation name="Master Sorcerer"/>
	</conjure>
	<conjure name="Energy Wall" words="adevo mas grav vis" lvl="41" mana="1000" soul="5" reagentId="2260" conjureId="2279" conjureCount="8" exhaustion="2000" needlearn="0" function="conjureRune">
		<vocation name="Sorcerer"/>
		<vocation name="Druid"/>
		<vocation name="Master Sorcerer"/>
		<vocation name="Elder Druid"/>
	</conjure>
	<conjure name="Sudden Death" words="adori vita vis" lvl="45" mana="880" soul="5" reagentId="2260" conjureId="2268" conjureCount="2" exhaustion="2000" needlearn="0" function="conjureRune">
		<vocation name="Sorcerer"/>
		<vocation name="Master Sorcerer"/>
	</conjure>
	<conjure name="Antidote Rune" words="adana pox" lvl="15" mana="200" soul="1" reagentId="2260" conjureId="2266" conjureCount="2" exhaustion="2000" needlearn="0" function="conjureRune">
		<vocation name="Druid"/>
		<vocation name="Elder Druid"/>
	</conjure>
	<conjure name="Intense Healing Rune" words="adura gran" lvl="15" mana="240" soul="2" reagentId="2260" conjureId="2265" conjureCount="2" exhaustion="2000" needlearn="0" function="conjureRune">
		<vocation name="Druid"/>
		<vocation name="Elder Druid"/>
	</conjure>
	<conjure name="Ultimate Healing Rune" words="adura vita" lvl="24" mana="400" soul="3" reagentId="2260" conjureId="2273" conjureCount="2" exhaustion="2000" needlearn="0" function="conjureRune">
		<vocation name="Druid"/>
		<vocation name="Elder Druid"/>
	</conjure>
	<conjure name="Convince Creature" words="adeta sio" lvl="16" mana="200" soul="3" reagentId="2260" conjureId="2290" conjureCount="2" exhaustion="2000" needlearn="0" function="conjureRune">
		<vocation name="Druid"/>
		<vocation name="Elder Druid"/>
	</conjure>
	<conjure name="Animate Dead" words="adana mort" lvl="27" mana="600" soul="5" prem="1" reagentId="2260" conjureId="2316" conjureCount="2" exhaustion="2000" needlearn="0" function="conjureRune">
		<vocation name="Sorcerer"/>
		<vocation name="Druid"/>
		<vocation name="Master Sorcerer"/>
		<vocation name="Elder Druid"/>
	</conjure>
	<conjure name="Chameleon" words="adevo ina" lvl="27" mana="600" soul="2" reagentId="2260" conjureId="2291" conjureCount="2" exhaustion="2000" needlearn="0" function="conjureRune">
		<vocation name="Druid"/>
		<vocation name="Elder Druid"/>
	</conjure>
	<conjure name="Destroy Field" words="adito grav" lvl="17" mana="120" soul="2" reagentId="2260" conjureId="2261" conjureCount="6" exhaustion="2000" needlearn="0" function="conjureRune">
		<vocation name="Sorcerer"/>
		<vocation name="Druid"/>
		<vocation name="Paladin"/>
		<vocation name="Master Sorcerer"/>
		<vocation name="Elder Druid"/>
		<vocation name="Royal Paladin"/>
	</conjure>
	<conjure name="Disintegrate" words="adito tera" lvl="21" mana="200" soul="3" prem="1" reagentId="2260" conjureId="2310" conjureCount="6" exhaustion="2000" needlearn="0" function="conjureRune">
		<vocation name="Sorcerer"/>
		<vocation name="Druid"/>
		<vocation name="Paladin"/>
		<vocation name="Master Sorcerer"/>
		<vocation name="Elder Druid"/>
		<vocation name="Royal Paladin"/>
	</conjure>
	<conjure name="Magic Wall" words="adevo grav tera" lvl="32" mana="750" soul="5" prem="1" reagentId="2260" conjureId="2293" conjureCount="6" exhaustion="2000" needlearn="0" function="conjureRune">
		<vocation name="Sorcerer"/>
		<vocation name="Master Sorcerer"/>
	</conjure>
	<conjure name="Wild Growth" words="adevo grav vita" lvl="27" mana="600" soul="5" prem="1" reagentId="2260" conjureId="2269" conjureCount="4" needlearn="0" function="conjureRune">
		<vocation name="Druid"/>
		<vocation name="Elder Druid"/>
	</conjure>
	<conjure name="Paralyze" words="adana ani" lvl="54" mana="1400" soul="3" prem="1" reagentId="2260" conjureId="2278" conjureCount="2" exhaustion="2000" needlearn="0" function="conjureRune">
		<vocation name="Druid"/>
		<vocation name="Elder Druid"/>
	</conjure>

	<!-- House Spells -->
	<instant name="House Guest List" words="aleta sio" selftarget="1" aggressive="0" function="editHouseGuest"/>
	<instant name="House Subowner List" words="aleta som" selftarget="1" aggressive="0" function="editHouseSubOwner"/>
	<instant name="House Door List" words="aleta grav" selftarget="1" aggressive="0" function="editHouseDoor"/>
	<instant name="House Kick" words="alana sio" params="1" aggressive="0" function="houseKick"/>

	<!-- Monster Spells -->
	<instant name="djinn electrify"  words="###2"  aggressive="1" blockwalls="1" needtarget="1" needlearn="1" script="monster/djinn electrify.lua"/>
	<instant name="energy elemental electrify" words="###3"  aggressive="1" blockwalls="1" needtarget="0" needlearn="1" script="monster/energy elemental electrify.lua"/>
	<instant name="massive energy elemental electrify" words="###4"  aggressive="1" blockwalls="1" needtarget="0" needlearn="1" script="monster/massive energy elemental electrify.lua"/>
	<instant name="massive fire elemental soulfire" words="###5"  aggressive="1" blockwalls="1" needtarget="0" needlearn="1" script="monster/massive fire elemental soulfire.lua"/>
	<instant name="hellfire fighter soulfire" words="###6"  aggressive="1" blockwalls="1" needtarget="0" needlearn="1" script="monster/hellfire fighter soulfire.lua"/>
	<instant name="hellspawn soulfire" words="###7"   aggressive="1" blockwalls="1" range="7" needtarget="1" needlearn="1" script="monster/hellspawn soulfire.lua"/>
	<instant name="spectre drown" words="###8"  aggressive="1" blockwalls="1" needtarget="0" needlearn="1" script="monster/spectre drown.lua"/>
	<instant name="phantasm drown" words="###9" direction="1"  aggressive="1" blockwalls="1" needtarget="0" needlearn="1" script="monster/phantasm drown.lua"/>
	<instant name="choking fear drown" words="###15"  aggressive="1" blockwalls="1" needtarget="0" needlearn="1" script="monster/choking fear drown.lua"/>
	<instant name="sea serpent drown" words="###17"  aggressive="1" blockwalls="1" needtarget="1" needlearn="1" script="monster/sea serpent drown.lua"/>
	<instant name="young sea serpent drown" words="###18"  aggressive="1" blockwalls="1" needtarget="1" needlearn="1" script="monster/young sea serpent drown.lua"/>
	<instant name="quara constrictor electrify" words="###20"   aggressive="1" blockwalls="1" needtarget="1" needlearn="1" script="monster/quara constrictor electrify.lua"/>
	<instant name="cliff strider electrify" words="###21"   aggressive="1" blockwalls="1" needtarget="1" needlearn="1" script="monster/cliff strider electrify.lua"/>
	<instant name="war golem electrify" words="###22"   aggressive="1" blockwalls="1" needtarget="1" needlearn="1" script="monster/war golem electrify.lua"/>
	<instant name="souleater drown" words="###23" aggressive="1" blockwalls="1" needtarget="1" needlearn="1" script="monster/souleater drown.lua"/>
	<instant name="vulcongra soulfire" words="###25"  aggressive="1" blockwalls="1" needtarget="0" needlearn="1" script="monster/vulcongra soulfire.lua"/>
	<instant name="lava golem soulfire" words="###26"  aggressive="1" blockwalls="1" needtarget="0" needlearn="1" script="monster/lava golem soulfire.lua"/>
	<instant name="magma crawler soulfire" words="###27"  aggressive="1" blockwalls="1" needtarget="0" needlearn="1" script="monster/magma crawler soulfire.lua"/>
	<instant name="war golem skill reducer" words="###28"  direction="1" aggressive="1" blockwalls="1" needtarget="0" needlearn="1" script="monster/war golem skill reducer.lua"/>
	<instant name="silencer skill reducer" words="###29"  aggressive="1" blockwalls="1" needtarget="1" needlearn="1" script="monster/silencer skill reducer.lua"/>
	<instant name="warlock skill reducer" words="###30"  aggressive="1"  blockwalls="1" needtarget="1" needlearn="1" script="monster/warlock skill reducer.lua"/>
	<instant name="cliff strider skill reducer" words="###31"  aggressive="1" blockwalls="1" needtarget="0" needlearn="1" script="monster/cliff strider skill reducer.lua"/>
	<instant name="stampor skill reducer" words="###32"  aggressive="1" blockwalls="1" needtarget="1" needlearn="1" script="monster/stampor skill reducer.lua"/>
	<instant name="diabolic imp skill reducer" words="###33"  aggressive="1" blockwalls="1" needtarget="1" needlearn="1" script="monster/diabolic imp skill reducer.lua"/>
	<instant name="dark torturer skill reducer" words="###34" direction="1"  aggressive="1" blockwalls="1" needtarget="0" needlearn="1" script="monster/dark torturer skill reducer.lua"/>
	<instant name="forest fury skill reducer" words="###35"  aggressive="1" blockwalls="1" needtarget="1" needlearn="1" script="monster/forest fury skill reducer.lua"/>
	<instant name="demon outcast skill reducer" words="###36"  aggressive="1" blockwalls="1" needtarget="1" needlearn="1" script="monster/demon outcast skill reducer.lua"/>
	<instant name="fury skill reducer" words="###37"  aggressive="1" blockwalls="1" needtarget="0" needlearn="1" script="monster/fury skill reducer.lua"/>
	<instant name="barbarian brutetamer skill reducer" words="###38"   aggressive="1" blockwalls="1" needtarget="1" needlearn="1" script="monster/barbarian brutetamer skill reducer.lua"/>
	<instant name="deepling spellsinger skill reducer" words="###39"  aggressive="1" blockwalls="1" needtarget="1" needlearn="1" script="monster/deepling spellsinger skill reducer.lua"/>
	<instant name="werewolf skill reducer" words="###40"  aggressive="1" blockwalls="1" needtarget="1" needlearn="1" script="monster/werewolf skill reducer.lua"/>
	<instant name="ice golem skill reducer" words="###41"  aggressive="1" blockwalls="1" needtarget="0" needlearn="1" script="monster/ice golem skill reducer.lua"/>
	<instant name="feversleep skill reducer" words="###42"  aggressive="1" blockwalls="1" needtarget="0" needlearn="1" script="monster/feversleep skill reducer.lua"/>
	<instant name="shock head skill reducer 1" words="###43"  aggressive="1" blockwalls="1" needtarget="1" needlearn="1" script="monster/shock head skill reducer 1.lua"/>
	<instant name="shock head skill reducer 2" words="###44"  aggressive="1" blockwalls="1" needtarget="0" needlearn="1" script="monster/shock head skill reducer 2.lua"/>
	<instant name="enslaved dwarf skill reducer 1" words="###45"  aggressive="1" blockwalls="1" needtarget="0" needlearn="1" script="monster/enslaved dwarf skill reducer 1.lua"/>
	<instant name="enslaved dwarf skill reducer 2" words="###46"  aggressive="1" blockwalls="1" needtarget="0" needlearn="1" script="monster/enslaved dwarf skill reducer 2.lua"/>
	<instant name="djinn cancel invisibility" words="###47"  aggressive="1" blockwalls="1" needtarget="0" needlearn="1" script="monster/djinn cancel invisibility.lua"/>
	<instant name="betrayed wraith skill reducer" words="###48"  direction="1" aggressive="1" blockwalls="1" needtarget="0" needlearn="1" script="monster/betrayed wraith skill reducer.lua"/>
	<instant name="pirate corsair skill reducer" words="###49"  direction="1" aggressive="1" blockwalls="1" needtarget="0" needlearn="1" script="monster/pirate corsair skill reducer.lua"/>
</spells>
